-- phpMyAdmin SQL Dump
-- version 4.8.5
-- https://www.phpmyadmin.net/
--
-- Host: localhost:3306
-- Generation Time: Aug 11, 2019 at 08:40 PM
-- Server version: 10.3.17-MariaDB-cll-lve
-- PHP Version: 7.2.7

SET SQL_MODE = "NO_AUTO_VALUE_ON_ZERO";
SET AUTOCOMMIT = 0;
START TRANSACTION;
SET time_zone = "+00:00";


/*!40101 SET @OLD_CHARACTER_SET_CLIENT=@@CHARACTER_SET_CLIENT */;
/*!40101 SET @OLD_CHARACTER_SET_RESULTS=@@CHARACTER_SET_RESULTS */;
/*!40101 SET @OLD_COLLATION_CONNECTION=@@COLLATION_CONNECTION */;
/*!40101 SET NAMES utf8mb4 */;

--
-- Database: `cvphilia_dbphiliakami`
--

-- --------------------------------------------------------

--
-- Table structure for table `mitigasi`
--

CREATE TABLE `mitigasi` (
  `kode_proyek` varchar(14) NOT NULL,
  `kode_mitigasi` varchar(5) NOT NULL,
  `mitigasi` varchar(255) NOT NULL,
  `difficulty` int(2) NOT NULL,
  `ETD` float NOT NULL
) ENGINE=InnoDB DEFAULT CHARSET=latin1;

--
-- Dumping data for table `mitigasi`
--

INSERT INTO `mitigasi` (`kode_proyek`, `kode_mitigasi`, `mitigasi`, `difficulty`, `ETD`) VALUES
('001-0518-BAL', 'PA001', 'Review dan analisis desain dengan intens', 3, 3240),
('001-0518-BAL', 'PA002', 'Menempatkan personil yang mempunyai kualifikasi dan pengalaman dalam proyek sejenis', 4, 1271.25),
('001-0518-BAL', 'PA003', 'Meningkatkan komunikasi dengan pihak ketiga', 3, 480),
('001-0518-BAL', 'PA004', 'Desain dalam dokumen tender merupakan data final dan telah melalui proses analisis dan review desain', 4, 1518.75),
('001-0518-BAL', 'PA005', 'Pengidentifikasian scope proyek pada masa awal tender', 4, 0),
('001-0518-BAL', 'PA006', 'Kontraktor harus membuat estimasi biaya berdasarkan harga kondisi sekarang dan estimasi peningkatan harga selama pelaksanaan proyek', 5, 0),
('001-0518-BAL', 'PA007', 'Update proyeksi pembayaran secara rutin minimal sekali sebulan oleh CV Philia Kami', 4, 0),
('001-0518-BAL', 'PA008', 'Merekrut Pekerja baru yang kompeten', 4, 1579.5),
('001-0518-BAL', 'PA009', 'Memilih sub-kontraktor yang memiliki pekerja atau sumber daya yang baik ', 3, 0),
('001-0518-BAL', 'PA010', 'Membuat jadwal terhadap skala prioritas pengerjaan', 3, 0),
('001-0518-BAL', 'PA011', 'Penempatan site manajer yang memiliki kemampuan koordinasi dan komunikasi yang baik', 3, 1845),
('001-0518-BAL', 'PA012', 'Update harga material secara rutin', 3, 0),
('001-0518-BAL', 'PA013', 'Lakukan maintenance mesin proyek secara rutin', 3, 1638),
('001-0518-BAL', 'PA014', 'Mengganti pekerjaan yang dapat dilakukan terlebih dahulu', 3, 1440);

-- --------------------------------------------------------

--
-- Table structure for table `pekerjaan`
--

CREATE TABLE `pekerjaan` (
  `kode_pekerjaan` varchar(7) NOT NULL,
  `kode_proyek` varchar(14) NOT NULL,
  `nama_pekerjaan` varchar(128) NOT NULL,
  `bobot` float NOT NULL,
  `bobot_realisasi` float NOT NULL DEFAULT 0
) ENGINE=InnoDB DEFAULT CHARSET=latin1;

--
-- Dumping data for table `pekerjaan`
--

INSERT INTO `pekerjaan` (`kode_pekerjaan`, `kode_proyek`, `nama_pekerjaan`, `bobot`, `bobot_realisasi`) VALUES
('001-001', '001-0518-BAL', 'Persiapan', 3, 3),
('001-002', '001-0518-BAL', 'Pekerjaan Tanah', 0.5, 0.5),
('001-003', '001-0518-BAL', 'Pekerjaan Struktur Gudang Baru', 38.3, 38.3),
('001-004', '001-0518-BAL', 'Pekerjaan Struktur Mezzaning Kantor', 12.2, 12.2),
('001-005', '001-0518-BAL', 'Pekerjaan Dinding Gudang Baru', 8.6, 8.6),
('001-006', '001-0518-BAL', 'Pekerjaan Dinding Mezzaning Kantor', 4.5, 4.5),
('001-007', '001-0518-BAL', 'Pekerjaan Kusen, Pintu & Jendela', 3.7, 3.7),
('001-008', '001-0518-BAL', 'Pekerjaan Instalasi Listrik', 2.2, 2.2),
('001-009', '001-0518-BAL', 'Pekerjaan Lantai', 19.4, 19.4),
('001-010', '001-0518-BAL', 'Pekerjaan KM/WC', 2.6, 2.6),
('001-011', '001-0518-BAL', 'Pekerjaan Instalasi Air Bersih', 0.6, 0.6),
('001-012', '001-0518-BAL', 'Pekerjaan Instalasi Air Kotor', 0.2, 0.2),
('001-013', '001-0518-BAL', 'Pekerjaan Cat', 3.5, 3.5),
('001-014', '001-0518-BAL', 'POS Satpam', 0.7, 0.7),
('002-001', '002-0819-beb', 'persiapan', 5, 2.5);

-- --------------------------------------------------------

--
-- Table structure for table `progress_pekerjaan`
--

CREATE TABLE `progress_pekerjaan` (
  `kode_proyek` varchar(14) NOT NULL,
  `kode_pekerjaan` varchar(7) NOT NULL,
  `tanggal` date NOT NULL,
  `bobot_realisasi` float NOT NULL
) ENGINE=InnoDB DEFAULT CHARSET=latin1;

--
-- Dumping data for table `progress_pekerjaan`
--

INSERT INTO `progress_pekerjaan` (`kode_proyek`, `kode_pekerjaan`, `tanggal`, `bobot_realisasi`) VALUES
('001-0518-BAL', '001-001', '2019-07-01', 50),
('001-0518-BAL', '001-001', '2019-07-02', 100),
('001-0518-BAL', '001-002', '2019-07-01', 50),
('001-0518-BAL', '001-002', '2019-07-02', 100),
('001-0518-BAL', '001-003', '2019-07-02', 100),
('001-0518-BAL', '001-004', '2019-07-02', 100),
('001-0518-BAL', '001-005', '2019-07-02', 100),
('001-0518-BAL', '001-006', '2019-07-02', 100),
('001-0518-BAL', '001-007', '2019-07-02', 100),
('001-0518-BAL', '001-008', '2019-07-02', 100),
('001-0518-BAL', '001-009', '2019-07-02', 100),
('001-0518-BAL', '001-010', '2019-07-02', 100),
('001-0518-BAL', '001-011', '2019-07-02', 100),
('001-0518-BAL', '001-012', '2019-07-02', 100),
('001-0518-BAL', '001-013', '2019-07-02', 100),
('001-0518-BAL', '001-014', '2019-07-01', 50),
('001-0518-BAL', '001-014', '2019-07-02', 100),
('002-0819-beb', '002-001', '2019-08-03', 50);

-- --------------------------------------------------------

--
-- Table structure for table `proyek`
--

CREATE TABLE `proyek` (
  `kode_proyek` varchar(14) NOT NULL,
  `nama_proyek` varchar(50) NOT NULL,
  `alamat_proyek` varchar(255) NOT NULL,
  `biaya_proyek` int(12) NOT NULL,
  `tanggal_mulai` varchar(50) NOT NULL,
  `tanggal_selesai` varchar(50) NOT NULL,
  `lama_proyek` int(4) NOT NULL,
  `status` varchar(50) NOT NULL
) ENGINE=InnoDB DEFAULT CHARSET=latin1;

--
-- Dumping data for table `proyek`
--

INSERT INTO `proyek` (`kode_proyek`, `nama_proyek`, `alamat_proyek`, `biaya_proyek`, `tanggal_mulai`, `tanggal_selesai`, `lama_proyek`, `status`) VALUES
('001-0518-BAL', 'GUDANG BALEENDAH', 'Jl. Laswi No 130 Kecamatan Baleendah Kabupaten Bandung', 686800723, '14-05-2018', '25-08-2018', 11, 'Sudah Selesai'),
('002-0819-beb', 'bebas', 'bebas', 100000, '2019-08-05', '2019-08-28', 4, 'Belum Berlangsung');

-- --------------------------------------------------------

--
-- Table structure for table `relasi_mitigasi`
--

CREATE TABLE `relasi_mitigasi` (
  `kode_proyek` varchar(14) NOT NULL,
  `kode_mitigasi` varchar(5) NOT NULL,
  `kode_risk_agent` varchar(4) NOT NULL,
  `nilai` int(2) NOT NULL DEFAULT 0
) ENGINE=InnoDB DEFAULT CHARSET=latin1;

--
-- Dumping data for table `relasi_mitigasi`
--

INSERT INTO `relasi_mitigasi` (`kode_proyek`, `kode_mitigasi`, `kode_risk_agent`, `nilai`) VALUES
('001-0518-BAL', 'PA001', 'A001', 9),
('001-0518-BAL', 'PA001', 'A002', 0),
('001-0518-BAL', 'PA001', 'A003', 0),
('001-0518-BAL', 'PA001', 'A004', 0),
('001-0518-BAL', 'PA001', 'A005', 0),
('001-0518-BAL', 'PA001', 'A006', 0),
('001-0518-BAL', 'PA001', 'A007', 0),
('001-0518-BAL', 'PA001', 'A008', 0),
('001-0518-BAL', 'PA001', 'A009', 0),
('001-0518-BAL', 'PA001', 'A010', 0),
('001-0518-BAL', 'PA001', 'A011', 0),
('001-0518-BAL', 'PA001', 'A012', 0),
('001-0518-BAL', 'PA001', 'A013', 0),
('001-0518-BAL', 'PA001', 'A014', 0),
('001-0518-BAL', 'PA001', 'A015', 0),
('001-0518-BAL', 'PA001', 'A016', 0),
('001-0518-BAL', 'PA001', 'A017', 0),
('001-0518-BAL', 'PA001', 'A018', 0),
('001-0518-BAL', 'PA002', 'A001', 3),
('001-0518-BAL', 'PA002', 'A002', 0),
('001-0518-BAL', 'PA002', 'A003', 0),
('001-0518-BAL', 'PA002', 'A004', 0),
('001-0518-BAL', 'PA002', 'A005', 0),
('001-0518-BAL', 'PA002', 'A006', 0),
('001-0518-BAL', 'PA002', 'A007', 0),
('001-0518-BAL', 'PA002', 'A008', 0),
('001-0518-BAL', 'PA002', 'A009', 0),
('001-0518-BAL', 'PA002', 'A010', 0),
('001-0518-BAL', 'PA002', 'A011', 0),
('001-0518-BAL', 'PA002', 'A012', 0),
('001-0518-BAL', 'PA002', 'A013', 0),
('001-0518-BAL', 'PA002', 'A014', 0),
('001-0518-BAL', 'PA002', 'A015', 3),
('001-0518-BAL', 'PA002', 'A016', 0),
('001-0518-BAL', 'PA002', 'A017', 0),
('001-0518-BAL', 'PA002', 'A018', 0),
('001-0518-BAL', 'PA003', 'A001', 0),
('001-0518-BAL', 'PA003', 'A002', 0),
('001-0518-BAL', 'PA003', 'A003', 0),
('001-0518-BAL', 'PA003', 'A004', 0),
('001-0518-BAL', 'PA003', 'A005', 0),
('001-0518-BAL', 'PA003', 'A006', 0),
('001-0518-BAL', 'PA003', 'A007', 0),
('001-0518-BAL', 'PA003', 'A008', 0),
('001-0518-BAL', 'PA003', 'A009', 0),
('001-0518-BAL', 'PA003', 'A010', 3),
('001-0518-BAL', 'PA003', 'A011', 0),
('001-0518-BAL', 'PA003', 'A012', 0),
('001-0518-BAL', 'PA003', 'A013', 0),
('001-0518-BAL', 'PA003', 'A014', 0),
('001-0518-BAL', 'PA003', 'A015', 0),
('001-0518-BAL', 'PA003', 'A016', 0),
('001-0518-BAL', 'PA003', 'A017', 0),
('001-0518-BAL', 'PA003', 'A018', 0),
('001-0518-BAL', 'PA004', 'A001', 0),
('001-0518-BAL', 'PA004', 'A002', 9),
('001-0518-BAL', 'PA004', 'A003', 0),
('001-0518-BAL', 'PA004', 'A004', 0),
('001-0518-BAL', 'PA004', 'A005', 0),
('001-0518-BAL', 'PA004', 'A006', 0),
('001-0518-BAL', 'PA004', 'A007', 0),
('001-0518-BAL', 'PA004', 'A008', 0),
('001-0518-BAL', 'PA004', 'A009', 0),
('001-0518-BAL', 'PA004', 'A010', 0),
('001-0518-BAL', 'PA004', 'A011', 0),
('001-0518-BAL', 'PA004', 'A012', 0),
('001-0518-BAL', 'PA004', 'A013', 0),
('001-0518-BAL', 'PA004', 'A014', 0),
('001-0518-BAL', 'PA004', 'A015', 0),
('001-0518-BAL', 'PA004', 'A016', 0),
('001-0518-BAL', 'PA004', 'A017', 0),
('001-0518-BAL', 'PA004', 'A018', 0),
('001-0518-BAL', 'PA005', 'A001', 0),
('001-0518-BAL', 'PA005', 'A002', 0),
('001-0518-BAL', 'PA005', 'A003', 0),
('001-0518-BAL', 'PA005', 'A004', 0),
('001-0518-BAL', 'PA005', 'A005', 0),
('001-0518-BAL', 'PA005', 'A006', 0),
('001-0518-BAL', 'PA005', 'A007', 0),
('001-0518-BAL', 'PA005', 'A008', 0),
('001-0518-BAL', 'PA005', 'A009', 0),
('001-0518-BAL', 'PA005', 'A010', 0),
('001-0518-BAL', 'PA005', 'A011', 0),
('001-0518-BAL', 'PA005', 'A012', 0),
('001-0518-BAL', 'PA005', 'A013', 0),
('001-0518-BAL', 'PA005', 'A014', 0),
('001-0518-BAL', 'PA005', 'A015', 0),
('001-0518-BAL', 'PA005', 'A016', 0),
('001-0518-BAL', 'PA005', 'A017', 0),
('001-0518-BAL', 'PA005', 'A018', 0),
('001-0518-BAL', 'PA006', 'A001', 0),
('001-0518-BAL', 'PA006', 'A002', 0),
('001-0518-BAL', 'PA006', 'A003', 0),
('001-0518-BAL', 'PA006', 'A004', 0),
('001-0518-BAL', 'PA006', 'A005', 0),
('001-0518-BAL', 'PA006', 'A006', 0),
('001-0518-BAL', 'PA006', 'A007', 0),
('001-0518-BAL', 'PA006', 'A008', 0),
('001-0518-BAL', 'PA006', 'A009', 0),
('001-0518-BAL', 'PA006', 'A010', 0),
('001-0518-BAL', 'PA006', 'A011', 0),
('001-0518-BAL', 'PA006', 'A012', 0),
('001-0518-BAL', 'PA006', 'A013', 0),
('001-0518-BAL', 'PA006', 'A014', 0),
('001-0518-BAL', 'PA006', 'A015', 0),
('001-0518-BAL', 'PA006', 'A016', 0),
('001-0518-BAL', 'PA006', 'A017', 0),
('001-0518-BAL', 'PA006', 'A018', 0),
('001-0518-BAL', 'PA007', 'A001', 0),
('001-0518-BAL', 'PA007', 'A002', 0),
('001-0518-BAL', 'PA007', 'A003', 0),
('001-0518-BAL', 'PA007', 'A004', 0),
('001-0518-BAL', 'PA007', 'A005', 0),
('001-0518-BAL', 'PA007', 'A006', 0),
('001-0518-BAL', 'PA007', 'A007', 0),
('001-0518-BAL', 'PA007', 'A008', 0),
('001-0518-BAL', 'PA007', 'A009', 0),
('001-0518-BAL', 'PA007', 'A010', 0),
('001-0518-BAL', 'PA007', 'A011', 0),
('001-0518-BAL', 'PA007', 'A012', 0),
('001-0518-BAL', 'PA007', 'A013', 0),
('001-0518-BAL', 'PA007', 'A014', 0),
('001-0518-BAL', 'PA007', 'A015', 0),
('001-0518-BAL', 'PA007', 'A016', 0),
('001-0518-BAL', 'PA007', 'A017', 0),
('001-0518-BAL', 'PA007', 'A018', 0),
('001-0518-BAL', 'PA008', 'A001', 0),
('001-0518-BAL', 'PA008', 'A002', 0),
('001-0518-BAL', 'PA008', 'A003', 0),
('001-0518-BAL', 'PA008', 'A004', 0),
('001-0518-BAL', 'PA008', 'A005', 0),
('001-0518-BAL', 'PA008', 'A006', 0),
('001-0518-BAL', 'PA008', 'A007', 0),
('001-0518-BAL', 'PA008', 'A008', 0),
('001-0518-BAL', 'PA008', 'A009', 0),
('001-0518-BAL', 'PA008', 'A010', 0),
('001-0518-BAL', 'PA008', 'A011', 9),
('001-0518-BAL', 'PA008', 'A012', 0),
('001-0518-BAL', 'PA008', 'A013', 0),
('001-0518-BAL', 'PA008', 'A014', 0),
('001-0518-BAL', 'PA008', 'A015', 0),
('001-0518-BAL', 'PA008', 'A016', 0),
('001-0518-BAL', 'PA008', 'A017', 0),
('001-0518-BAL', 'PA008', 'A018', 0),
('001-0518-BAL', 'PA009', 'A001', 0),
('001-0518-BAL', 'PA009', 'A002', 0),
('001-0518-BAL', 'PA009', 'A003', 0),
('001-0518-BAL', 'PA009', 'A004', 0),
('001-0518-BAL', 'PA009', 'A005', 0),
('001-0518-BAL', 'PA009', 'A006', 0),
('001-0518-BAL', 'PA009', 'A007', 0),
('001-0518-BAL', 'PA009', 'A008', 0),
('001-0518-BAL', 'PA009', 'A009', 0),
('001-0518-BAL', 'PA009', 'A010', 0),
('001-0518-BAL', 'PA009', 'A011', 0),
('001-0518-BAL', 'PA009', 'A012', 0),
('001-0518-BAL', 'PA009', 'A013', 0),
('001-0518-BAL', 'PA009', 'A014', 0),
('001-0518-BAL', 'PA009', 'A015', 0),
('001-0518-BAL', 'PA009', 'A016', 0),
('001-0518-BAL', 'PA009', 'A017', 0),
('001-0518-BAL', 'PA009', 'A018', 0),
('001-0518-BAL', 'PA010', 'A001', 0),
('001-0518-BAL', 'PA010', 'A002', 0),
('001-0518-BAL', 'PA010', 'A003', 0),
('001-0518-BAL', 'PA010', 'A004', 0),
('001-0518-BAL', 'PA010', 'A005', 0),
('001-0518-BAL', 'PA010', 'A006', 0),
('001-0518-BAL', 'PA010', 'A007', 0),
('001-0518-BAL', 'PA010', 'A008', 0),
('001-0518-BAL', 'PA010', 'A009', 0),
('001-0518-BAL', 'PA010', 'A010', 0),
('001-0518-BAL', 'PA010', 'A011', 0),
('001-0518-BAL', 'PA010', 'A012', 0),
('001-0518-BAL', 'PA010', 'A013', 0),
('001-0518-BAL', 'PA010', 'A014', 0),
('001-0518-BAL', 'PA010', 'A015', 0),
('001-0518-BAL', 'PA010', 'A016', 0),
('001-0518-BAL', 'PA010', 'A017', 0),
('001-0518-BAL', 'PA010', 'A018', 0),
('001-0518-BAL', 'PA011', 'A001', 0),
('001-0518-BAL', 'PA011', 'A002', 0),
('001-0518-BAL', 'PA011', 'A003', 0),
('001-0518-BAL', 'PA011', 'A004', 0),
('001-0518-BAL', 'PA011', 'A005', 0),
('001-0518-BAL', 'PA011', 'A006', 0),
('001-0518-BAL', 'PA011', 'A007', 0),
('001-0518-BAL', 'PA011', 'A008', 0),
('001-0518-BAL', 'PA011', 'A009', 0),
('001-0518-BAL', 'PA011', 'A010', 0),
('001-0518-BAL', 'PA011', 'A011', 0),
('001-0518-BAL', 'PA011', 'A012', 0),
('001-0518-BAL', 'PA011', 'A013', 0),
('001-0518-BAL', 'PA011', 'A014', 0),
('001-0518-BAL', 'PA011', 'A015', 9),
('001-0518-BAL', 'PA011', 'A016', 0),
('001-0518-BAL', 'PA011', 'A017', 0),
('001-0518-BAL', 'PA011', 'A018', 0),
('001-0518-BAL', 'PA012', 'A001', 0),
('001-0518-BAL', 'PA012', 'A002', 0),
('001-0518-BAL', 'PA012', 'A003', 0),
('001-0518-BAL', 'PA012', 'A004', 0),
('001-0518-BAL', 'PA012', 'A005', 0),
('001-0518-BAL', 'PA012', 'A006', 0),
('001-0518-BAL', 'PA012', 'A007', 0),
('001-0518-BAL', 'PA012', 'A008', 0),
('001-0518-BAL', 'PA012', 'A009', 0),
('001-0518-BAL', 'PA012', 'A010', 0),
('001-0518-BAL', 'PA012', 'A011', 0),
('001-0518-BAL', 'PA012', 'A012', 0),
('001-0518-BAL', 'PA012', 'A013', 0),
('001-0518-BAL', 'PA012', 'A014', 0),
('001-0518-BAL', 'PA012', 'A015', 0),
('001-0518-BAL', 'PA012', 'A016', 0),
('001-0518-BAL', 'PA012', 'A017', 0),
('001-0518-BAL', 'PA012', 'A018', 0),
('001-0518-BAL', 'PA013', 'A001', 0),
('001-0518-BAL', 'PA013', 'A002', 0),
('001-0518-BAL', 'PA013', 'A003', 0),
('001-0518-BAL', 'PA013', 'A004', 0),
('001-0518-BAL', 'PA013', 'A005', 0),
('001-0518-BAL', 'PA013', 'A006', 0),
('001-0518-BAL', 'PA013', 'A007', 0),
('001-0518-BAL', 'PA013', 'A008', 0),
('001-0518-BAL', 'PA013', 'A009', 0),
('001-0518-BAL', 'PA013', 'A010', 0),
('001-0518-BAL', 'PA013', 'A011', 0),
('001-0518-BAL', 'PA013', 'A012', 0),
('001-0518-BAL', 'PA013', 'A013', 9),
('001-0518-BAL', 'PA013', 'A014', 0),
('001-0518-BAL', 'PA013', 'A015', 0),
('001-0518-BAL', 'PA013', 'A016', 0),
('001-0518-BAL', 'PA013', 'A017', 0),
('001-0518-BAL', 'PA013', 'A018', 0),
('001-0518-BAL', 'PA014', 'A001', 0),
('001-0518-BAL', 'PA014', 'A002', 0),
('001-0518-BAL', 'PA014', 'A003', 0),
('001-0518-BAL', 'PA014', 'A004', 0),
('001-0518-BAL', 'PA014', 'A005', 0),
('001-0518-BAL', 'PA014', 'A006', 0),
('001-0518-BAL', 'PA014', 'A007', 0),
('001-0518-BAL', 'PA014', 'A008', 0),
('001-0518-BAL', 'PA014', 'A009', 0),
('001-0518-BAL', 'PA014', 'A010', 9),
('001-0518-BAL', 'PA014', 'A011', 0),
('001-0518-BAL', 'PA014', 'A012', 0),
('001-0518-BAL', 'PA014', 'A013', 0),
('001-0518-BAL', 'PA014', 'A014', 0),
('001-0518-BAL', 'PA014', 'A015', 0),
('001-0518-BAL', 'PA014', 'A016', 0),
('001-0518-BAL', 'PA014', 'A017', 0),
('001-0518-BAL', 'PA014', 'A018', 0);

-- --------------------------------------------------------

--
-- Table structure for table `relasi_risiko`
--

CREATE TABLE `relasi_risiko` (
  `kode_proyek` varchar(14) NOT NULL,
  `kode_risk_agent` varchar(4) NOT NULL,
  `kode_risk_event` varchar(4) NOT NULL,
  `nilai` int(2) NOT NULL DEFAULT 0
) ENGINE=InnoDB DEFAULT CHARSET=latin1;

--
-- Dumping data for table `relasi_risiko`
--

INSERT INTO `relasi_risiko` (`kode_proyek`, `kode_risk_agent`, `kode_risk_event`, `nilai`) VALUES
('001-0518-BAL', 'A001', 'E001', 9),
('001-0518-BAL', 'A002', 'E001', 3),
('001-0518-BAL', 'A003', 'E001', 3),
('001-0518-BAL', 'A004', 'E001', 0),
('001-0518-BAL', 'A005', 'E001', 0),
('001-0518-BAL', 'A006', 'E001', 0),
('001-0518-BAL', 'A007', 'E001', 0),
('001-0518-BAL', 'A008', 'E001', 0),
('001-0518-BAL', 'A009', 'E001', 0),
('001-0518-BAL', 'A010', 'E001', 0),
('001-0518-BAL', 'A011', 'E001', 0),
('001-0518-BAL', 'A012', 'E001', 0),
('001-0518-BAL', 'A013', 'E001', 0),
('001-0518-BAL', 'A014', 'E001', 0),
('001-0518-BAL', 'A015', 'E001', 0),
('001-0518-BAL', 'A016', 'E001', 3),
('001-0518-BAL', 'A017', 'E001', 0),
('001-0518-BAL', 'A018', 'E001', 0),
('001-0518-BAL', 'A001', 'E002', 3),
('001-0518-BAL', 'A002', 'E002', 0),
('001-0518-BAL', 'A003', 'E002', 0),
('001-0518-BAL', 'A004', 'E002', 0),
('001-0518-BAL', 'A005', 'E002', 0),
('001-0518-BAL', 'A006', 'E002', 0),
('001-0518-BAL', 'A007', 'E002', 0),
('001-0518-BAL', 'A008', 'E002', 0),
('001-0518-BAL', 'A009', 'E002', 0),
('001-0518-BAL', 'A010', 'E002', 0),
('001-0518-BAL', 'A011', 'E002', 0),
('001-0518-BAL', 'A012', 'E002', 0),
('001-0518-BAL', 'A013', 'E002', 0),
('001-0518-BAL', 'A014', 'E002', 0),
('001-0518-BAL', 'A015', 'E002', 0),
('001-0518-BAL', 'A016', 'E002', 9),
('001-0518-BAL', 'A017', 'E002', 0),
('001-0518-BAL', 'A018', 'E002', 0),
('001-0518-BAL', 'A001', 'E003', 9),
('001-0518-BAL', 'A002', 'E003', 0),
('001-0518-BAL', 'A003', 'E003', 0),
('001-0518-BAL', 'A004', 'E003', 0),
('001-0518-BAL', 'A005', 'E003', 0),
('001-0518-BAL', 'A006', 'E003', 0),
('001-0518-BAL', 'A007', 'E003', 0),
('001-0518-BAL', 'A008', 'E003', 0),
('001-0518-BAL', 'A009', 'E003', 3),
('001-0518-BAL', 'A010', 'E003', 0),
('001-0518-BAL', 'A011', 'E003', 0),
('001-0518-BAL', 'A012', 'E003', 0),
('001-0518-BAL', 'A013', 'E003', 0),
('001-0518-BAL', 'A014', 'E003', 0),
('001-0518-BAL', 'A015', 'E003', 0),
('001-0518-BAL', 'A016', 'E003', 0),
('001-0518-BAL', 'A017', 'E003', 0),
('001-0518-BAL', 'A018', 'E003', 0),
('001-0518-BAL', 'A001', 'E004', 0),
('001-0518-BAL', 'A002', 'E004', 0),
('001-0518-BAL', 'A003', 'E004', 0),
('001-0518-BAL', 'A004', 'E004', 0),
('001-0518-BAL', 'A005', 'E004', 0),
('001-0518-BAL', 'A006', 'E004', 0),
('001-0518-BAL', 'A007', 'E004', 0),
('001-0518-BAL', 'A008', 'E004', 0),
('001-0518-BAL', 'A009', 'E004', 0),
('001-0518-BAL', 'A010', 'E004', 0),
('001-0518-BAL', 'A011', 'E004', 3),
('001-0518-BAL', 'A012', 'E004', 0),
('001-0518-BAL', 'A013', 'E004', 0),
('001-0518-BAL', 'A014', 'E004', 0),
('001-0518-BAL', 'A015', 'E004', 0),
('001-0518-BAL', 'A016', 'E004', 0),
('001-0518-BAL', 'A017', 'E004', 0),
('001-0518-BAL', 'A018', 'E004', 0),
('001-0518-BAL', 'A001', 'E005', 3),
('001-0518-BAL', 'A002', 'E005', 3),
('001-0518-BAL', 'A003', 'E005', 9),
('001-0518-BAL', 'A004', 'E005', 0),
('001-0518-BAL', 'A005', 'E005', 0),
('001-0518-BAL', 'A006', 'E005', 0),
('001-0518-BAL', 'A007', 'E005', 0),
('001-0518-BAL', 'A008', 'E005', 0),
('001-0518-BAL', 'A009', 'E005', 0),
('001-0518-BAL', 'A010', 'E005', 0),
('001-0518-BAL', 'A011', 'E005', 0),
('001-0518-BAL', 'A012', 'E005', 0),
('001-0518-BAL', 'A013', 'E005', 0),
('001-0518-BAL', 'A014', 'E005', 0),
('001-0518-BAL', 'A015', 'E005', 0),
('001-0518-BAL', 'A016', 'E005', 0),
('001-0518-BAL', 'A017', 'E005', 0),
('001-0518-BAL', 'A018', 'E005', 0),
('001-0518-BAL', 'A001', 'E006', 0),
('001-0518-BAL', 'A002', 'E006', 0),
('001-0518-BAL', 'A003', 'E006', 0),
('001-0518-BAL', 'A004', 'E006', 0),
('001-0518-BAL', 'A005', 'E006', 0),
('001-0518-BAL', 'A006', 'E006', 0),
('001-0518-BAL', 'A007', 'E006', 9),
('001-0518-BAL', 'A008', 'E006', 0),
('001-0518-BAL', 'A009', 'E006', 0),
('001-0518-BAL', 'A010', 'E006', 0),
('001-0518-BAL', 'A011', 'E006', 0),
('001-0518-BAL', 'A012', 'E006', 0),
('001-0518-BAL', 'A013', 'E006', 0),
('001-0518-BAL', 'A014', 'E006', 0),
('001-0518-BAL', 'A015', 'E006', 0),
('001-0518-BAL', 'A016', 'E006', 0),
('001-0518-BAL', 'A017', 'E006', 0),
('001-0518-BAL', 'A018', 'E006', 0),
('001-0518-BAL', 'A001', 'E007', 3),
('001-0518-BAL', 'A002', 'E007', 3),
('001-0518-BAL', 'A003', 'E007', 0),
('001-0518-BAL', 'A004', 'E007', 9),
('001-0518-BAL', 'A005', 'E007', 0),
('001-0518-BAL', 'A006', 'E007', 0),
('001-0518-BAL', 'A007', 'E007', 0),
('001-0518-BAL', 'A008', 'E007', 0),
('001-0518-BAL', 'A009', 'E007', 0),
('001-0518-BAL', 'A010', 'E007', 0),
('001-0518-BAL', 'A011', 'E007', 0),
('001-0518-BAL', 'A012', 'E007', 0),
('001-0518-BAL', 'A013', 'E007', 0),
('001-0518-BAL', 'A014', 'E007', 0),
('001-0518-BAL', 'A015', 'E007', 0),
('001-0518-BAL', 'A016', 'E007', 0),
('001-0518-BAL', 'A017', 'E007', 0),
('001-0518-BAL', 'A018', 'E007', 0),
('001-0518-BAL', 'A001', 'E008', 0),
('001-0518-BAL', 'A002', 'E008', 0),
('001-0518-BAL', 'A003', 'E008', 0),
('001-0518-BAL', 'A004', 'E008', 0),
('001-0518-BAL', 'A005', 'E008', 9),
('001-0518-BAL', 'A006', 'E008', 0),
('001-0518-BAL', 'A007', 'E008', 0),
('001-0518-BAL', 'A008', 'E008', 0),
('001-0518-BAL', 'A009', 'E008', 0),
('001-0518-BAL', 'A010', 'E008', 0),
('001-0518-BAL', 'A011', 'E008', 3),
('001-0518-BAL', 'A012', 'E008', 0),
('001-0518-BAL', 'A013', 'E008', 0),
('001-0518-BAL', 'A014', 'E008', 0),
('001-0518-BAL', 'A015', 'E008', 0),
('001-0518-BAL', 'A016', 'E008', 0),
('001-0518-BAL', 'A017', 'E008', 0),
('001-0518-BAL', 'A018', 'E008', 0),
('001-0518-BAL', 'A001', 'E009', 0),
('001-0518-BAL', 'A002', 'E009', 0),
('001-0518-BAL', 'A003', 'E009', 0),
('001-0518-BAL', 'A004', 'E009', 0),
('001-0518-BAL', 'A005', 'E009', 0),
('001-0518-BAL', 'A006', 'E009', 0),
('001-0518-BAL', 'A007', 'E009', 0),
('001-0518-BAL', 'A008', 'E009', 0),
('001-0518-BAL', 'A009', 'E009', 9),
('001-0518-BAL', 'A010', 'E009', 0),
('001-0518-BAL', 'A011', 'E009', 3),
('001-0518-BAL', 'A012', 'E009', 0),
('001-0518-BAL', 'A013', 'E009', 0),
('001-0518-BAL', 'A014', 'E009', 0),
('001-0518-BAL', 'A015', 'E009', 3),
('001-0518-BAL', 'A016', 'E009', 0),
('001-0518-BAL', 'A017', 'E009', 0),
('001-0518-BAL', 'A018', 'E009', 0),
('001-0518-BAL', 'A001', 'E010', 0),
('001-0518-BAL', 'A002', 'E010', 0),
('001-0518-BAL', 'A003', 'E010', 0),
('001-0518-BAL', 'A004', 'E010', 0),
('001-0518-BAL', 'A005', 'E010', 0),
('001-0518-BAL', 'A006', 'E010', 0),
('001-0518-BAL', 'A007', 'E010', 0),
('001-0518-BAL', 'A008', 'E010', 0),
('001-0518-BAL', 'A009', 'E010', 3),
('001-0518-BAL', 'A010', 'E010', 0),
('001-0518-BAL', 'A011', 'E010', 3),
('001-0518-BAL', 'A012', 'E010', 0),
('001-0518-BAL', 'A013', 'E010', 0),
('001-0518-BAL', 'A014', 'E010', 0),
('001-0518-BAL', 'A015', 'E010', 0),
('001-0518-BAL', 'A016', 'E010', 3),
('001-0518-BAL', 'A017', 'E010', 0),
('001-0518-BAL', 'A018', 'E010', 0),
('001-0518-BAL', 'A001', 'E011', 0),
('001-0518-BAL', 'A002', 'E011', 0),
('001-0518-BAL', 'A003', 'E011', 0),
('001-0518-BAL', 'A004', 'E011', 9),
('001-0518-BAL', 'A005', 'E011', 0),
('001-0518-BAL', 'A006', 'E011', 0),
('001-0518-BAL', 'A007', 'E011', 0),
('001-0518-BAL', 'A008', 'E011', 0),
('001-0518-BAL', 'A009', 'E011', 0),
('001-0518-BAL', 'A010', 'E011', 0),
('001-0518-BAL', 'A011', 'E011', 0),
('001-0518-BAL', 'A012', 'E011', 0),
('001-0518-BAL', 'A013', 'E011', 0),
('001-0518-BAL', 'A014', 'E011', 0),
('001-0518-BAL', 'A015', 'E011', 0),
('001-0518-BAL', 'A016', 'E011', 0),
('001-0518-BAL', 'A017', 'E011', 0),
('001-0518-BAL', 'A018', 'E011', 0),
('001-0518-BAL', 'A001', 'E012', 0),
('001-0518-BAL', 'A002', 'E012', 0),
('001-0518-BAL', 'A003', 'E012', 0),
('001-0518-BAL', 'A004', 'E012', 0),
('001-0518-BAL', 'A005', 'E012', 0),
('001-0518-BAL', 'A006', 'E012', 0),
('001-0518-BAL', 'A007', 'E012', 0),
('001-0518-BAL', 'A008', 'E012', 0),
('001-0518-BAL', 'A009', 'E012', 0),
('001-0518-BAL', 'A010', 'E012', 0),
('001-0518-BAL', 'A011', 'E012', 3),
('001-0518-BAL', 'A012', 'E012', 0),
('001-0518-BAL', 'A013', 'E012', 0),
('001-0518-BAL', 'A014', 'E012', 0),
('001-0518-BAL', 'A015', 'E012', 3),
('001-0518-BAL', 'A016', 'E012', 0),
('001-0518-BAL', 'A017', 'E012', 0),
('001-0518-BAL', 'A018', 'E012', 0),
('001-0518-BAL', 'A001', 'E013', 0),
('001-0518-BAL', 'A002', 'E013', 0),
('001-0518-BAL', 'A003', 'E013', 0),
('001-0518-BAL', 'A004', 'E013', 0),
('001-0518-BAL', 'A005', 'E013', 0),
('001-0518-BAL', 'A006', 'E013', 0),
('001-0518-BAL', 'A007', 'E013', 0),
('001-0518-BAL', 'A008', 'E013', 0),
('001-0518-BAL', 'A009', 'E013', 0),
('001-0518-BAL', 'A010', 'E013', 0),
('001-0518-BAL', 'A011', 'E013', 0),
('001-0518-BAL', 'A012', 'E013', 3),
('001-0518-BAL', 'A013', 'E013', 0),
('001-0518-BAL', 'A014', 'E013', 0),
('001-0518-BAL', 'A015', 'E013', 0),
('001-0518-BAL', 'A016', 'E013', 0),
('001-0518-BAL', 'A017', 'E013', 0),
('001-0518-BAL', 'A018', 'E013', 0),
('001-0518-BAL', 'A001', 'E014', 0),
('001-0518-BAL', 'A002', 'E014', 0),
('001-0518-BAL', 'A003', 'E014', 0),
('001-0518-BAL', 'A004', 'E014', 0),
('001-0518-BAL', 'A005', 'E014', 0),
('001-0518-BAL', 'A006', 'E014', 0),
('001-0518-BAL', 'A007', 'E014', 0),
('001-0518-BAL', 'A008', 'E014', 0),
('001-0518-BAL', 'A009', 'E014', 0),
('001-0518-BAL', 'A010', 'E014', 0),
('001-0518-BAL', 'A011', 'E014', 0),
('001-0518-BAL', 'A012', 'E014', 0),
('001-0518-BAL', 'A013', 'E014', 0),
('001-0518-BAL', 'A014', 'E014', 1),
('001-0518-BAL', 'A015', 'E014', 9),
('001-0518-BAL', 'A016', 'E014', 0),
('001-0518-BAL', 'A017', 'E014', 1),
('001-0518-BAL', 'A018', 'E014', 3),
('001-0518-BAL', 'A001', 'E015', 0),
('001-0518-BAL', 'A002', 'E015', 0),
('001-0518-BAL', 'A003', 'E015', 0),
('001-0518-BAL', 'A004', 'E015', 0),
('001-0518-BAL', 'A005', 'E015', 0),
('001-0518-BAL', 'A006', 'E015', 3),
('001-0518-BAL', 'A007', 'E015', 0),
('001-0518-BAL', 'A008', 'E015', 9),
('001-0518-BAL', 'A009', 'E015', 0),
('001-0518-BAL', 'A010', 'E015', 0),
('001-0518-BAL', 'A011', 'E015', 0),
('001-0518-BAL', 'A012', 'E015', 0),
('001-0518-BAL', 'A013', 'E015', 0),
('001-0518-BAL', 'A014', 'E015', 3),
('001-0518-BAL', 'A015', 'E015', 0),
('001-0518-BAL', 'A016', 'E015', 0),
('001-0518-BAL', 'A017', 'E015', 3),
('001-0518-BAL', 'A018', 'E015', 3),
('001-0518-BAL', 'A001', 'E016', 9),
('001-0518-BAL', 'A002', 'E016', 9),
('001-0518-BAL', 'A003', 'E016', 0),
('001-0518-BAL', 'A004', 'E016', 0),
('001-0518-BAL', 'A005', 'E016', 0),
('001-0518-BAL', 'A006', 'E016', 0),
('001-0518-BAL', 'A007', 'E016', 3),
('001-0518-BAL', 'A008', 'E016', 0),
('001-0518-BAL', 'A009', 'E016', 0),
('001-0518-BAL', 'A010', 'E016', 0),
('001-0518-BAL', 'A011', 'E016', 0),
('001-0518-BAL', 'A012', 'E016', 0),
('001-0518-BAL', 'A013', 'E016', 0),
('001-0518-BAL', 'A014', 'E016', 0),
('001-0518-BAL', 'A015', 'E016', 0),
('001-0518-BAL', 'A016', 'E016', 0),
('001-0518-BAL', 'A017', 'E016', 0),
('001-0518-BAL', 'A018', 'E016', 0),
('001-0518-BAL', 'A001', 'E017', 3),
('001-0518-BAL', 'A002', 'E017', 0),
('001-0518-BAL', 'A003', 'E017', 0),
('001-0518-BAL', 'A004', 'E017', 0),
('001-0518-BAL', 'A005', 'E017', 0),
('001-0518-BAL', 'A006', 'E017', 0),
('001-0518-BAL', 'A007', 'E017', 0),
('001-0518-BAL', 'A008', 'E017', 0),
('001-0518-BAL', 'A009', 'E017', 3),
('001-0518-BAL', 'A010', 'E017', 0),
('001-0518-BAL', 'A011', 'E017', 0),
('001-0518-BAL', 'A012', 'E017', 0),
('001-0518-BAL', 'A013', 'E017', 0),
('001-0518-BAL', 'A014', 'E017', 0),
('001-0518-BAL', 'A015', 'E017', 0),
('001-0518-BAL', 'A016', 'E017', 3),
('001-0518-BAL', 'A017', 'E017', 0),
('001-0518-BAL', 'A018', 'E017', 0),
('001-0518-BAL', 'A001', 'E018', 0),
('001-0518-BAL', 'A002', 'E018', 0),
('001-0518-BAL', 'A003', 'E018', 0),
('001-0518-BAL', 'A004', 'E018', 0),
('001-0518-BAL', 'A005', 'E018', 0),
('001-0518-BAL', 'A006', 'E018', 0),
('001-0518-BAL', 'A007', 'E018', 0),
('001-0518-BAL', 'A008', 'E018', 0),
('001-0518-BAL', 'A009', 'E018', 0),
('001-0518-BAL', 'A010', 'E018', 0),
('001-0518-BAL', 'A011', 'E018', 0),
('001-0518-BAL', 'A012', 'E018', 0),
('001-0518-BAL', 'A013', 'E018', 0),
('001-0518-BAL', 'A014', 'E018', 0),
('001-0518-BAL', 'A015', 'E018', 9),
('001-0518-BAL', 'A016', 'E018', 0),
('001-0518-BAL', 'A017', 'E018', 0),
('001-0518-BAL', 'A018', 'E018', 0),
('001-0518-BAL', 'A001', 'E019', 0),
('001-0518-BAL', 'A002', 'E019', 0),
('001-0518-BAL', 'A003', 'E019', 0),
('001-0518-BAL', 'A004', 'E019', 0),
('001-0518-BAL', 'A005', 'E019', 0),
('001-0518-BAL', 'A006', 'E019', 0),
('001-0518-BAL', 'A007', 'E019', 0),
('001-0518-BAL', 'A008', 'E019', 0),
('001-0518-BAL', 'A009', 'E019', 0),
('001-0518-BAL', 'A010', 'E019', 0),
('001-0518-BAL', 'A011', 'E019', 3),
('001-0518-BAL', 'A012', 'E019', 0),
('001-0518-BAL', 'A013', 'E019', 9),
('001-0518-BAL', 'A014', 'E019', 1),
('001-0518-BAL', 'A015', 'E019', 0),
('001-0518-BAL', 'A016', 'E019', 0),
('001-0518-BAL', 'A017', 'E019', 0),
('001-0518-BAL', 'A018', 'E019', 0),
('001-0518-BAL', 'A001', 'E020', 0),
('001-0518-BAL', 'A002', 'E020', 0),
('001-0518-BAL', 'A003', 'E020', 0),
('001-0518-BAL', 'A004', 'E020', 3),
('001-0518-BAL', 'A005', 'E020', 0),
('001-0518-BAL', 'A006', 'E020', 0),
('001-0518-BAL', 'A007', 'E020', 0),
('001-0518-BAL', 'A008', 'E020', 0),
('001-0518-BAL', 'A009', 'E020', 0),
('001-0518-BAL', 'A010', 'E020', 0),
('001-0518-BAL', 'A011', 'E020', 3),
('001-0518-BAL', 'A012', 'E020', 0),
('001-0518-BAL', 'A013', 'E020', 0),
('001-0518-BAL', 'A014', 'E020', 0),
('001-0518-BAL', 'A015', 'E020', 3),
('001-0518-BAL', 'A016', 'E020', 0),
('001-0518-BAL', 'A017', 'E020', 0),
('001-0518-BAL', 'A018', 'E020', 0),
('001-0518-BAL', 'A001', 'E021', 3),
('001-0518-BAL', 'A002', 'E021', 0),
('001-0518-BAL', 'A003', 'E021', 0),
('001-0518-BAL', 'A004', 'E021', 0),
('001-0518-BAL', 'A005', 'E021', 0),
('001-0518-BAL', 'A006', 'E021', 0),
('001-0518-BAL', 'A007', 'E021', 0),
('001-0518-BAL', 'A008', 'E021', 0),
('001-0518-BAL', 'A009', 'E021', 3),
('001-0518-BAL', 'A010', 'E021', 0),
('001-0518-BAL', 'A011', 'E021', 0),
('001-0518-BAL', 'A012', 'E021', 0),
('001-0518-BAL', 'A013', 'E021', 0),
('001-0518-BAL', 'A014', 'E021', 0),
('001-0518-BAL', 'A015', 'E021', 0),
('001-0518-BAL', 'A016', 'E021', 0),
('001-0518-BAL', 'A017', 'E021', 0),
('001-0518-BAL', 'A018', 'E021', 0),
('001-0518-BAL', 'A001', 'E022', 0),
('001-0518-BAL', 'A002', 'E022', 0),
('001-0518-BAL', 'A003', 'E022', 0),
('001-0518-BAL', 'A004', 'E022', 0),
('001-0518-BAL', 'A005', 'E022', 0),
('001-0518-BAL', 'A006', 'E022', 0),
('001-0518-BAL', 'A007', 'E022', 0),
('001-0518-BAL', 'A008', 'E022', 0),
('001-0518-BAL', 'A009', 'E022', 0),
('001-0518-BAL', 'A010', 'E022', 0),
('001-0518-BAL', 'A011', 'E022', 9),
('001-0518-BAL', 'A012', 'E022', 0),
('001-0518-BAL', 'A013', 'E022', 3),
('001-0518-BAL', 'A014', 'E022', 3),
('001-0518-BAL', 'A015', 'E022', 0),
('001-0518-BAL', 'A016', 'E022', 0),
('001-0518-BAL', 'A017', 'E022', 0),
('001-0518-BAL', 'A018', 'E022', 0),
('001-0518-BAL', 'A001', 'E023', 0),
('001-0518-BAL', 'A002', 'E023', 0),
('001-0518-BAL', 'A003', 'E023', 0),
('001-0518-BAL', 'A004', 'E023', 0),
('001-0518-BAL', 'A005', 'E023', 0),
('001-0518-BAL', 'A006', 'E023', 0),
('001-0518-BAL', 'A007', 'E023', 0),
('001-0518-BAL', 'A008', 'E023', 0),
('001-0518-BAL', 'A009', 'E023', 0),
('001-0518-BAL', 'A010', 'E023', 0),
('001-0518-BAL', 'A011', 'E023', 3),
('001-0518-BAL', 'A012', 'E023', 0),
('001-0518-BAL', 'A013', 'E023', 0),
('001-0518-BAL', 'A014', 'E023', 1),
('001-0518-BAL', 'A015', 'E023', 0),
('001-0518-BAL', 'A016', 'E023', 0),
('001-0518-BAL', 'A017', 'E023', 0),
('001-0518-BAL', 'A018', 'E023', 0),
('001-0518-BAL', 'A001', 'E024', 0),
('001-0518-BAL', 'A002', 'E024', 0),
('001-0518-BAL', 'A003', 'E024', 0),
('001-0518-BAL', 'A004', 'E024', 0),
('001-0518-BAL', 'A005', 'E024', 0),
('001-0518-BAL', 'A006', 'E024', 0),
('001-0518-BAL', 'A007', 'E024', 0),
('001-0518-BAL', 'A008', 'E024', 0),
('001-0518-BAL', 'A009', 'E024', 0),
('001-0518-BAL', 'A010', 'E024', 0),
('001-0518-BAL', 'A011', 'E024', 9),
('001-0518-BAL', 'A012', 'E024', 0),
('001-0518-BAL', 'A013', 'E024', 0),
('001-0518-BAL', 'A014', 'E024', 0),
('001-0518-BAL', 'A015', 'E024', 0),
('001-0518-BAL', 'A016', 'E024', 0),
('001-0518-BAL', 'A017', 'E024', 0),
('001-0518-BAL', 'A018', 'E024', 0),
('001-0518-BAL', 'A001', 'E025', 0),
('001-0518-BAL', 'A002', 'E025', 0),
('001-0518-BAL', 'A003', 'E025', 0),
('001-0518-BAL', 'A004', 'E025', 0),
('001-0518-BAL', 'A005', 'E025', 0),
('001-0518-BAL', 'A006', 'E025', 0),
('001-0518-BAL', 'A007', 'E025', 0),
('001-0518-BAL', 'A008', 'E025', 0),
('001-0518-BAL', 'A009', 'E025', 0),
('001-0518-BAL', 'A010', 'E025', 0),
('001-0518-BAL', 'A011', 'E025', 0),
('001-0518-BAL', 'A012', 'E025', 0),
('001-0518-BAL', 'A013', 'E025', 0),
('001-0518-BAL', 'A014', 'E025', 0),
('001-0518-BAL', 'A015', 'E025', 3),
('001-0518-BAL', 'A016', 'E025', 0),
('001-0518-BAL', 'A017', 'E025', 0),
('001-0518-BAL', 'A018', 'E025', 0),
('001-0518-BAL', 'A001', 'E026', 0),
('001-0518-BAL', 'A002', 'E026', 0),
('001-0518-BAL', 'A003', 'E026', 0),
('001-0518-BAL', 'A004', 'E026', 3),
('001-0518-BAL', 'A005', 'E026', 0),
('001-0518-BAL', 'A006', 'E026', 0),
('001-0518-BAL', 'A007', 'E026', 0),
('001-0518-BAL', 'A008', 'E026', 0),
('001-0518-BAL', 'A009', 'E026', 0),
('001-0518-BAL', 'A010', 'E026', 0),
('001-0518-BAL', 'A011', 'E026', 0),
('001-0518-BAL', 'A012', 'E026', 0),
('001-0518-BAL', 'A013', 'E026', 0),
('001-0518-BAL', 'A014', 'E026', 0),
('001-0518-BAL', 'A015', 'E026', 0),
('001-0518-BAL', 'A016', 'E026', 0),
('001-0518-BAL', 'A017', 'E026', 0),
('001-0518-BAL', 'A018', 'E026', 0),
('001-0518-BAL', 'A001', 'E027', 3),
('001-0518-BAL', 'A002', 'E027', 0),
('001-0518-BAL', 'A003', 'E027', 0),
('001-0518-BAL', 'A004', 'E027', 0),
('001-0518-BAL', 'A005', 'E027', 0),
('001-0518-BAL', 'A006', 'E027', 0),
('001-0518-BAL', 'A007', 'E027', 0),
('001-0518-BAL', 'A008', 'E027', 0),
('001-0518-BAL', 'A009', 'E027', 3),
('001-0518-BAL', 'A010', 'E027', 0),
('001-0518-BAL', 'A011', 'E027', 0),
('001-0518-BAL', 'A012', 'E027', 0),
('001-0518-BAL', 'A013', 'E027', 0),
('001-0518-BAL', 'A014', 'E027', 0),
('001-0518-BAL', 'A015', 'E027', 0),
('001-0518-BAL', 'A016', 'E027', 0),
('001-0518-BAL', 'A017', 'E027', 0),
('001-0518-BAL', 'A018', 'E027', 0),
('001-0518-BAL', 'A001', 'E028', 0),
('001-0518-BAL', 'A002', 'E028', 0),
('001-0518-BAL', 'A003', 'E028', 0),
('001-0518-BAL', 'A004', 'E028', 0),
('001-0518-BAL', 'A005', 'E028', 0),
('001-0518-BAL', 'A006', 'E028', 0),
('001-0518-BAL', 'A007', 'E028', 0),
('001-0518-BAL', 'A008', 'E028', 0),
('001-0518-BAL', 'A009', 'E028', 0),
('001-0518-BAL', 'A010', 'E028', 9),
('001-0518-BAL', 'A011', 'E028', 0),
('001-0518-BAL', 'A012', 'E028', 0),
('001-0518-BAL', 'A013', 'E028', 0),
('001-0518-BAL', 'A014', 'E028', 0),
('001-0518-BAL', 'A015', 'E028', 0),
('001-0518-BAL', 'A016', 'E028', 0),
('001-0518-BAL', 'A017', 'E028', 0),
('001-0518-BAL', 'A018', 'E028', 0),
('001-0518-BAL', 'A001', 'E029', 0),
('001-0518-BAL', 'A002', 'E029', 0),
('001-0518-BAL', 'A003', 'E029', 0),
('001-0518-BAL', 'A004', 'E029', 0),
('001-0518-BAL', 'A005', 'E029', 0),
('001-0518-BAL', 'A006', 'E029', 0),
('001-0518-BAL', 'A007', 'E029', 0),
('001-0518-BAL', 'A008', 'E029', 0),
('001-0518-BAL', 'A009', 'E029', 0),
('001-0518-BAL', 'A010', 'E029', 9),
('001-0518-BAL', 'A011', 'E029', 0),
('001-0518-BAL', 'A012', 'E029', 0),
('001-0518-BAL', 'A013', 'E029', 0),
('001-0518-BAL', 'A014', 'E029', 0),
('001-0518-BAL', 'A015', 'E029', 0),
('001-0518-BAL', 'A016', 'E029', 0),
('001-0518-BAL', 'A017', 'E029', 0),
('001-0518-BAL', 'A018', 'E029', 0),
('001-0518-BAL', 'A001', 'E030', 0),
('001-0518-BAL', 'A002', 'E030', 0),
('001-0518-BAL', 'A003', 'E030', 0),
('001-0518-BAL', 'A004', 'E030', 0),
('001-0518-BAL', 'A005', 'E030', 0),
('001-0518-BAL', 'A006', 'E030', 0),
('001-0518-BAL', 'A007', 'E030', 0),
('001-0518-BAL', 'A008', 'E030', 0),
('001-0518-BAL', 'A009', 'E030', 0),
('001-0518-BAL', 'A010', 'E030', 3),
('001-0518-BAL', 'A011', 'E030', 0),
('001-0518-BAL', 'A012', 'E030', 0),
('001-0518-BAL', 'A013', 'E030', 0),
('001-0518-BAL', 'A014', 'E030', 3),
('001-0518-BAL', 'A015', 'E030', 0),
('001-0518-BAL', 'A016', 'E030', 0),
('001-0518-BAL', 'A017', 'E030', 0),
('001-0518-BAL', 'A018', 'E030', 0),
('001-0518-BAL', 'A001', 'E031', 0),
('001-0518-BAL', 'A002', 'E031', 0),
('001-0518-BAL', 'A003', 'E031', 0),
('001-0518-BAL', 'A004', 'E031', 0),
('001-0518-BAL', 'A005', 'E031', 0),
('001-0518-BAL', 'A006', 'E031', 0),
('001-0518-BAL', 'A007', 'E031', 0),
('001-0518-BAL', 'A008', 'E031', 0),
('001-0518-BAL', 'A009', 'E031', 0),
('001-0518-BAL', 'A010', 'E031', 3),
('001-0518-BAL', 'A011', 'E031', 0),
('001-0518-BAL', 'A012', 'E031', 0),
('001-0518-BAL', 'A013', 'E031', 0),
('001-0518-BAL', 'A014', 'E031', 3),
('001-0518-BAL', 'A015', 'E031', 0),
('001-0518-BAL', 'A016', 'E031', 0),
('001-0518-BAL', 'A017', 'E031', 0),
('001-0518-BAL', 'A018', 'E031', 0);

-- --------------------------------------------------------

--
-- Table structure for table `risk_agent`
--

CREATE TABLE `risk_agent` (
  `kode_proyek` varchar(14) NOT NULL,
  `kode_risk_agent` varchar(4) NOT NULL,
  `risk_agent` varchar(255) NOT NULL,
  `occurence` int(2) NOT NULL,
  `ARP` int(10) NOT NULL DEFAULT 0
) ENGINE=InnoDB DEFAULT CHARSET=latin1;

--
-- Dumping data for table `risk_agent`
--

INSERT INTO `risk_agent` (`kode_proyek`, `kode_risk_agent`, `risk_agent`, `occurence`, `ARP`) VALUES
('001-0518-BAL', 'A001', 'Kesalahan perhitungan dokumen pengerjaan oleh bagian perencanaan', 4, 1080),
('001-0518-BAL', 'A002', 'Terjadi penambahan jenis pekerjaan', 5, 675),
('001-0518-BAL', 'A003', 'Perubahan detail pengerjaan', 5, 345),
('001-0518-BAL', 'A004', 'Pembayaran uang muka atau pelunasan terlambat oleh klien', 3, 468),
('001-0518-BAL', 'A005', 'Perencanaan jumlah sumber daya manusia yang akan dipakai kurang tepat', 3, 135),
('001-0518-BAL', 'A006', 'Mekanisme pengambilan keputusan yang tidak memadai dan lamban', 5, 45),
('001-0518-BAL', 'A007', 'Informasi harga material yang diperoleh tidak akurat', 5, 255),
('001-0518-BAL', 'A008', 'Keterbatasan jumlah tenaga kerja', 3, 81),
('001-0518-BAL', 'A009', 'Gangguan komunikasi', 4, 420),
('001-0518-BAL', 'A010', 'Jarak tempuh jauh', 4, 480),
('001-0518-BAL', 'A011', 'Tenaga kerja tidak berkompeten', 3, 702),
('001-0518-BAL', 'A012', 'Permintaan mendadak dari klien', 6, 126),
('001-0518-BAL', 'A013', 'Kurangya maintenance pada mesin proyek', 7, 546),
('001-0518-BAL', 'A014', 'Bencana alam', 1, 77),
('001-0518-BAL', 'A015', 'Minimnya pengawasan di lapangan', 5, 615),
('001-0518-BAL', 'A016', 'Kesalahan gambar desain', 5, 360),
('001-0518-BAL', 'A017', 'Kebakaran', 2, 24),
('001-0518-BAL', 'A018', 'Alat angkut/transporter/crane rusak', 5, 90);

-- --------------------------------------------------------

--
-- Table structure for table `risk_event`
--

CREATE TABLE `risk_event` (
  `kode_proyek` varchar(14) NOT NULL,
  `kode_risk_event` varchar(4) NOT NULL,
  `risk_event` varchar(255) NOT NULL,
  `severity` int(2) NOT NULL
) ENGINE=InnoDB DEFAULT CHARSET=latin1;

--
-- Dumping data for table `risk_event`
--

INSERT INTO `risk_event` (`kode_proyek`, `kode_risk_event`, `risk_event`, `severity`) VALUES
('001-0518-BAL', 'E001', 'Perubahan Volume Pekerjaan', 8),
('001-0518-BAL', 'E002', 'Ketidaklengkapan Gambar Kerja', 3),
('001-0518-BAL', 'E003', 'Ketidaksesuaian uraian tugas', 3),
('001-0518-BAL', 'E004', 'Minimnya tenaga ahli dibidangnya', 6),
('001-0518-BAL', 'E005', 'Minimnya kesiapan fasilitas', 5),
('001-0518-BAL', 'E006', 'Kenaikan biaya konstruksi pembelian material', 3),
('001-0518-BAL', 'E007', 'kekurangan budget', 8),
('001-0518-BAL', 'E008', 'kekurangan jumlah SDM', 5),
('001-0518-BAL', 'E009', 'kerjaan berulang /pekerjaan perbaikan', 4),
('001-0518-BAL', 'E010', 'kesalahan eksekusi', 3),
('001-0518-BAL', 'E011', 'pembayaran terhadap pembelian material atau penyewaan peralatan terlambat', 6),
('001-0518-BAL', 'E012', 'mutu pekerjaan tidak memenuhi spesifikasi', 3),
('001-0518-BAL', 'E013', 'klien melakukan perubahan desain', 7),
('001-0518-BAL', 'E014', 'terjadinya kerusakan yang menyebabkan hasil pekerjaan harus dibongkar/diperbaiki', 3),
('001-0518-BAL', 'E015', 'penundaan jadwal pekerjaan', 3),
('001-0518-BAL', 'E016', 'pengeluaran biaya berlebih', 8),
('001-0518-BAL', 'E017', 'kesalahan permintaan pembelian', 4),
('001-0518-BAL', 'E018', 'lemahnya koordinasi kerja', 5),
('001-0518-BAL', 'E019', 'kerusakan mesin', 6),
('001-0518-BAL', 'E020', 'keterlambatan pengerjaan proyek', 7),
('001-0518-BAL', 'E021', 'ketidaktersediaan material saat pelaksanaan proyek', 7),
('001-0518-BAL', 'E022', 'terjadinya kecelakaan kerja', 8),
('001-0518-BAL', 'E023', 'material rusak tidak dapat digunakan lagi', 5),
('001-0518-BAL', 'E024', 'kesalahan pemasangan peralatan', 5),
('001-0518-BAL', 'E025', 'pemborosan listrik', 3),
('001-0518-BAL', 'E026', 'keterlambatan administrasi', 3),
('001-0518-BAL', 'E027', 'perbedaan material yang diterima', 6),
('001-0518-BAL', 'E028', 'terlambatnya mobilitas alat angkat dan angkut', 5),
('001-0518-BAL', 'E029', 'keterlambatan peralatan instalasi', 5),
('001-0518-BAL', 'E030', 'akses ke lokasi proyek sulit', 3),
('001-0518-BAL', 'E031', 'keterlambatan penukaran material', 7);

-- --------------------------------------------------------

--
-- Table structure for table `user`
--

CREATE TABLE `user` (
  `id` int(10) NOT NULL,
  `nama` varchar(50) NOT NULL,
  `email` varchar(100) NOT NULL,
  `foto` varchar(128) NOT NULL,
  `password` varchar(256) NOT NULL,
  `role_id` int(10) NOT NULL,
  `status_aktif` int(1) DEFAULT NULL,
  `tanggal_pembuatan` int(11) DEFAULT NULL
) ENGINE=InnoDB DEFAULT CHARSET=latin1;

--
-- Dumping data for table `user`
--

INSERT INTO `user` (`id`, `nama`, `email`, `foto`, `password`, `role_id`, `status_aktif`, `tanggal_pembuatan`) VALUES
(1, 'Deni Rismansyah', 'denirismansyah@gmail.com', 'default.jpg', '$2y$10$Hl5JwqvQW0XIux/nfYtdleSYV.3/Y5KwbvQ0UbOyL3rX3ahPzPj.e', 1, 1, 1558231012),
(2, 'Dydda Sundara', 'dyddasundara@gmail.com', 'default.jpg', '$2y$10$kGIABNbH6z3QRNbfJ0LV9.8JgqELiDeBkjI4Bz.2GNpe85.v3aJmK', 2, 1, 1558232217),
(3, 'Dydda', 'dydda@gmail.com', 'default.jpg', '$2y$10$AkinczCbWXbk8DZsYAPjpeWcNEL/RVjPfsUDHdv3WPMCTPjvnkCBS', 3, 1, 1558147667),
(4, 'Iwan Setiawan', 'iwansetiawan@gmail.com', 'default.jpg', '$2y$10$AkinczCbWXbk8DZsYAPjpeWcNEL/RVjPfsUDHdv3WPMCTPjvnkCBS', 4, 1, 1558147667);

-- --------------------------------------------------------

--
-- Table structure for table `user_access_menu`
--

CREATE TABLE `user_access_menu` (
  `id` int(10) NOT NULL,
  `role_id` int(10) NOT NULL,
  `menu_id` int(10) NOT NULL
) ENGINE=InnoDB DEFAULT CHARSET=latin1;

--
-- Dumping data for table `user_access_menu`
--

INSERT INTO `user_access_menu` (`id`, `role_id`, `menu_id`) VALUES
(1, 1, 1),
(2, 1, 2),
(3, 2, 2),
(4, 2, 3),
(5, 2, 5),
(6, 3, 2),
(7, 3, 4),
(8, 3, 5),
(9, 3, 6),
(10, 4, 2),
(11, 4, 7),
(12, 3, 8),
(13, 4, 8),
(14, 4, 9),
(16, 2, 9),
(17, 1, 3),
(18, 1, 6),
(19, 1, 4),
(20, 1, 7);

-- --------------------------------------------------------

--
-- Table structure for table `user_menu`
--

CREATE TABLE `user_menu` (
  `id` int(10) NOT NULL,
  `menu` varchar(128) NOT NULL
) ENGINE=InnoDB DEFAULT CHARSET=latin1;

--
-- Dumping data for table `user_menu`
--

INSERT INTO `user_menu` (`id`, `menu`) VALUES
(1, 'admin'),
(2, 'profil'),
(3, 'kelola_proyek'),
(4, 'manajemen_risiko'),
(5, 'manajemen'),
(6, 'kelola_pekerjaan'),
(7, 'progress_proyek'),
(8, 'lihat_proyek'),
(9, 'lihat_pekerjaan');

-- --------------------------------------------------------

--
-- Table structure for table `user_role`
--

CREATE TABLE `user_role` (
  `id` int(10) NOT NULL,
  `role` varchar(100) NOT NULL
) ENGINE=InnoDB DEFAULT CHARSET=latin1;

--
-- Dumping data for table `user_role`
--

INSERT INTO `user_role` (`id`, `role`) VALUES
(1, 'admin'),
(2, 'direktur'),
(3, 'site_manajer'),
(4, 'pelaksana_lapangan');

-- --------------------------------------------------------

--
-- Table structure for table `user_sub_menu`
--

CREATE TABLE `user_sub_menu` (
  `id` int(10) NOT NULL,
  `menu_id` int(10) NOT NULL,
  `judul` varchar(128) NOT NULL,
  `url` varchar(128) NOT NULL,
  `icon` varchar(128) NOT NULL,
  `status_aktif` int(1) DEFAULT NULL
) ENGINE=InnoDB DEFAULT CHARSET=latin1;

--
-- Dumping data for table `user_sub_menu`
--

INSERT INTO `user_sub_menu` (`id`, `menu_id`, `judul`, `url`, `icon`, `status_aktif`) VALUES
(1, 1, 'Kelola User', 'admin', 'fas fa-fw fa-tachometer-alt', 1),
(2, 2, 'Profil Saya', 'profil', 'fas fa-fw fa-user', 1),
(3, 3, 'Kelola Proyek', 'Kelola_Proyek', 'fas fa-fw fa-hard-hat', 1),
(4, 4, 'Kelola Risk Event', 'Manajemen_Risiko/risk_event', 'fas fa-fw fa-th-list', 1),
(5, 4, 'Kelola Risk Agent', 'Manajemen_Risiko/risk_agent', 'fas fa-fw fa-th-list', 1),
(6, 4, 'Kelola Mitigasi', 'Manajemen_Risiko/mitigasi', 'fas fa-fw fa-th-list', 1),
(7, 4, 'Kelola Relasi Risiko', 'Manajemen_Risiko/relasi_risiko', 'fas fa-fw fa-th-list', 1),
(8, 4, 'Kelola Relasi Mitigasi', 'Manajemen_Risiko/relasi_mitigasi', 'fas fa-fw fa-th-list', 1),
(9, 5, 'Risiko Proyek', 'Manajemen/risiko_proyek', 'fas fa-fw fa-tasks', 1),
(11, 6, 'Kelola Pekerjaan', 'Kelola_Pekerjaan', 'fas fa-fw fa-tasks', 1),
(12, 7, 'Progress Pekerjaan', 'Progress_Proyek/progress_pekerjaan', 'fas fa-fw fa-tasks', 1),
(14, 8, 'Lihat Proyek', 'Lihat_Proyek', 'fas fa-fw fa-tasks', 1),
(15, 9, 'Lihat Pekerjaan', 'Lihat_Pekerjaan', 'fas fa-fw fa-tasks', 1);

--
-- Indexes for dumped tables
--

--
-- Indexes for table `mitigasi`
--
ALTER TABLE `mitigasi`
  ADD PRIMARY KEY (`kode_proyek`,`kode_mitigasi`);

--
-- Indexes for table `pekerjaan`
--
ALTER TABLE `pekerjaan`
  ADD PRIMARY KEY (`kode_pekerjaan`),
  ADD KEY `kode_proyek` (`kode_proyek`);

--
-- Indexes for table `progress_pekerjaan`
--
ALTER TABLE `progress_pekerjaan`
  ADD PRIMARY KEY (`kode_proyek`,`kode_pekerjaan`,`tanggal`),
  ADD KEY `kode_pekerjaan` (`kode_pekerjaan`);

--
-- Indexes for table `proyek`
--
ALTER TABLE `proyek`
  ADD PRIMARY KEY (`kode_proyek`);

--
-- Indexes for table `relasi_mitigasi`
--
ALTER TABLE `relasi_mitigasi`
  ADD PRIMARY KEY (`kode_proyek`,`kode_mitigasi`,`kode_risk_agent`);

--
-- Indexes for table `relasi_risiko`
--
ALTER TABLE `relasi_risiko`
  ADD PRIMARY KEY (`kode_proyek`,`kode_risk_event`,`kode_risk_agent`);

--
-- Indexes for table `risk_agent`
--
ALTER TABLE `risk_agent`
  ADD PRIMARY KEY (`kode_proyek`,`kode_risk_agent`);

--
-- Indexes for table `risk_event`
--
ALTER TABLE `risk_event`
  ADD PRIMARY KEY (`kode_proyek`,`kode_risk_event`);

--
-- Indexes for table `user`
--
ALTER TABLE `user`
  ADD PRIMARY KEY (`id`),
  ADD KEY `role_id` (`role_id`);

--
-- Indexes for table `user_access_menu`
--
ALTER TABLE `user_access_menu`
  ADD PRIMARY KEY (`id`),
  ADD KEY `role_id` (`role_id`),
  ADD KEY `menu_id` (`menu_id`);

--
-- Indexes for table `user_menu`
--
ALTER TABLE `user_menu`
  ADD PRIMARY KEY (`id`);

--
-- Indexes for table `user_role`
--
ALTER TABLE `user_role`
  ADD PRIMARY KEY (`id`);

--
-- Indexes for table `user_sub_menu`
--
ALTER TABLE `user_sub_menu`
  ADD PRIMARY KEY (`id`),
  ADD KEY `menu_id` (`menu_id`);

--
-- AUTO_INCREMENT for dumped tables
--

--
-- AUTO_INCREMENT for table `user`
--
ALTER TABLE `user`
  MODIFY `id` int(10) NOT NULL AUTO_INCREMENT, AUTO_INCREMENT=5;

--
-- AUTO_INCREMENT for table `user_access_menu`
--
ALTER TABLE `user_access_menu`
  MODIFY `id` int(10) NOT NULL AUTO_INCREMENT, AUTO_INCREMENT=21;

--
-- AUTO_INCREMENT for table `user_menu`
--
ALTER TABLE `user_menu`
  MODIFY `id` int(10) NOT NULL AUTO_INCREMENT, AUTO_INCREMENT=10;

--
-- AUTO_INCREMENT for table `user_role`
--
ALTER TABLE `user_role`
  MODIFY `id` int(10) NOT NULL AUTO_INCREMENT, AUTO_INCREMENT=5;

--
-- AUTO_INCREMENT for table `user_sub_menu`
--
ALTER TABLE `user_sub_menu`
  MODIFY `id` int(10) NOT NULL AUTO_INCREMENT, AUTO_INCREMENT=16;

--
-- Constraints for dumped tables
--

--
-- Constraints for table `mitigasi`
--
ALTER TABLE `mitigasi`
  ADD CONSTRAINT `mitigasi_ibfk_1` FOREIGN KEY (`kode_proyek`) REFERENCES `proyek` (`kode_proyek`);

--
-- Constraints for table `pekerjaan`
--
ALTER TABLE `pekerjaan`
  ADD CONSTRAINT `pekerjaan_ibfk_1` FOREIGN KEY (`kode_proyek`) REFERENCES `proyek` (`kode_proyek`);

--
-- Constraints for table `progress_pekerjaan`
--
ALTER TABLE `progress_pekerjaan`
  ADD CONSTRAINT `progress_pekerjaan_ibfk_1` FOREIGN KEY (`kode_proyek`) REFERENCES `proyek` (`kode_proyek`),
  ADD CONSTRAINT `progress_pekerjaan_ibfk_2` FOREIGN KEY (`kode_pekerjaan`) REFERENCES `pekerjaan` (`kode_pekerjaan`);

--
-- Constraints for table `relasi_mitigasi`
--
ALTER TABLE `relasi_mitigasi`
  ADD CONSTRAINT `relasi_mitigasi_ibfk_1` FOREIGN KEY (`kode_proyek`) REFERENCES `proyek` (`kode_proyek`);

--
-- Constraints for table `relasi_risiko`
--
ALTER TABLE `relasi_risiko`
  ADD CONSTRAINT `relasi_risiko_ibfk_1` FOREIGN KEY (`kode_proyek`) REFERENCES `proyek` (`kode_proyek`);

--
-- Constraints for table `risk_agent`
--
ALTER TABLE `risk_agent`
  ADD CONSTRAINT `risk_agent_ibfk_1` FOREIGN KEY (`kode_proyek`) REFERENCES `proyek` (`kode_proyek`);

--
-- Constraints for table `risk_event`
--
ALTER TABLE `risk_event`
  ADD CONSTRAINT `risk_event_ibfk_1` FOREIGN KEY (`kode_proyek`) REFERENCES `proyek` (`kode_proyek`);

--
-- Constraints for table `user`
--
ALTER TABLE `user`
  ADD CONSTRAINT `user_ibfk_1` FOREIGN KEY (`role_id`) REFERENCES `user_role` (`id`);

--
-- Constraints for table `user_access_menu`
--
ALTER TABLE `user_access_menu`
  ADD CONSTRAINT `user_access_menu_ibfk_1` FOREIGN KEY (`role_id`) REFERENCES `user_role` (`id`),
  ADD CONSTRAINT `user_access_menu_ibfk_2` FOREIGN KEY (`menu_id`) REFERENCES `user_menu` (`id`);

--
-- Constraints for table `user_sub_menu`
--
ALTER TABLE `user_sub_menu`
  ADD CONSTRAINT `user_sub_menu_ibfk_1` FOREIGN KEY (`menu_id`) REFERENCES `user_menu` (`id`);
COMMIT;

/*!40101 SET CHARACTER_SET_CLIENT=@OLD_CHARACTER_SET_CLIENT */;
/*!40101 SET CHARACTER_SET_RESULTS=@OLD_CHARACTER_SET_RESULTS */;
/*!40101 SET COLLATION_CONNECTION=@OLD_COLLATION_CONNECTION */;
